cohort_week,cohort_size,returned_d7,returned_d30,returned_d60,d7_rate_pct,d30_rate_pct,d60_rate_pct
2020-09-21,8115,53,85,99,0.65,1.05,1.22
2020-09-28,16555,95,135,146,0.57,0.82,0.88
2020-10-05,16061,84,118,135,0.52,0.73,0.84
2020-10-12,19220,102,140,146,0.53,0.73,0.76
2020-10-19,20999,124,161,185,0.59,0.77,0.88
2020-10-26,21060,116,151,164,0.55,0.72,0.78
2020-11-02,22151,153,196,209,0.69,0.88,0.94
2020-11-09,22715,159,194,202,0.7,0.85,0.89
2020-11-16,23293,161,203,222,0.69,0.87,0.95
2020-11-23,16667,112,146,161,0.67,0.88,0.97
2020-11-30,14904,105,130,142,0.7,0.87,0.95
2020-12-07,16093,119,152,168,0.74,0.94,1.04
2020-12-14,16653,145,178,194,0.87,1.07,1.16
2020-12-21,16484,136,168,179,0.83,1.02,1.09
2020-12-28,13440,87,131,149,0.65,0.97,1.11
2021-01-04,17393,149,208,230,0.86,1.2,1.32
2021-01-11,18929,159,218,234,0.84,1.15,1.24
2021-01-18,18539,163,224,234,0.88,1.21,1.26
2021-01-25,17735,146,202,203,0.82,1.14,1.14
2021-02-01,19460,133,172,172,0.68,0.88,0.88
2021-02-08,17736,152,179,179,0.86,1.01,1.01
2021-02-15,17276,138,148,148,0.8,0.86,0.86
2021-02-22,15805,76,76,76,0.48,0.48,0.48
